<?xml version="1.0" encoding="UTF-8" ?>
<document>
<!--The data in this file is primarily intended for consumption by Xilinx tools.
The structure and the elements are likely to change over the next few releases.
This means code written to parse this file will need to be revisited each subsequent release.-->
<application name="pa" timeStamp="Wed Mar 13 14:04:17 2019">
<section name="Project Information" visible="false">
<property name="ProjectID" value="73832391c58d43d995fc59e1b796592e" type="ProjectID"/>
<property name="ProjectIteration" value="1" type="ProjectIteration"/>
</section>
<section name="PlanAhead Usage" visible="true">
<item name="Project Data">
<property name="SrcSetCount" value="1" type="SrcSetCount"/>
<property name="ConstraintSetCount" value="1" type="ConstraintSetCount"/>
<property name="DesignMode" value="RTL" type="DesignMode"/>
<property name="SynthesisStrategy" value="Vivado Synthesis Defaults" type="SynthesisStrategy"/>
<property name="ImplStrategy" value="Vivado Implementation Defaults" type="ImplStrategy"/>
</item>
<item name="Java Command Handlers">
<property name="AddSources" value="2" type="JavaHandler"/>
<property name="NewProject" value="1" type="JavaHandler"/>
<property name="SaveAllFiles" value="1" type="JavaHandler"/>
</item>
<item name="Gui Resources Info">
<property name="8BitRegister.vhd, 1, 108" value="1" type="GuiResourceData"/>
<property name="8BitRegister.vhd, 120, 555" value="1" type="GuiResourceData"/>
<property name="8BitRegister.vhd, 122, 419" value="1" type="GuiResourceData"/>
<property name="8BitRegister.vhd, 155, 512" value="1" type="GuiResourceData"/>
<property name="8BitRegister.vhd, 202, 469" value="1" type="GuiResourceData"/>
<property name="8BitRegister.vhd, 229, 470" value="1" type="GuiResourceData"/>
<property name="8BitRegister.vhd, 26, 196" value="1" type="GuiResourceData"/>
<property name="8BitRegister.vhd, 28, 175" value="1" type="GuiResourceData"/>
<property name="8BitRegister.vhd, 307, 229" value="1" type="GuiResourceData"/>
<property name="8BitRegister.vhd, 40, 435" value="1" type="GuiResourceData"/>
<property name="8BitRegister.vhd, 57, 226" value="1" type="GuiResourceData"/>
<property name="8BitRegister.vhd, 583, 249" value="1" type="GuiResourceData"/>
<property name="8BitRegister.vhd, 61, 403" value="1" type="GuiResourceData"/>
<property name="8BitRegister.vhd, 69, 439" value="1" type="GuiResourceData"/>
<property name="ALU.vhd, 153, 469" value="1" type="GuiResourceData"/>
<property name="ALU.vhd, 293, 411" value="1" type="GuiResourceData"/>
<property name="ALU.vhd, 301, 370" value="1" type="GuiResourceData"/>
<property name="ALU.vhd, 311, 432" value="1" type="GuiResourceData"/>
<property name="ALU.vhd, 317, 366" value="1" type="GuiResourceData"/>
<property name="ALU.vhd, 376, 449" value="1" type="GuiResourceData"/>
<property name="ALU.vhd, 377, 432" value="1" type="GuiResourceData"/>
<property name="ALU.vhd, 378, 381" value="1" type="GuiResourceData"/>
<property name="ALU.vhd, 75, 451" value="1" type="GuiResourceData"/>
<property name="ALU.vhd, 76, 416" value="1" type="GuiResourceData"/>
<property name="ALU.vhd, 89, 415" value="1" type="GuiResourceData"/>
<property name="BACK,  Back" value="2" type="GuiResourceData"/>
<property name="FINISH, Finish" value="3" type="GuiResourceData"/>
<property name="NEXT, Next " value="52" type="GuiResourceData"/>
<property name="PAResourceAtoD.ConstraintsChooserPanel_ADD_EXISTING_OR_CREATE_NEW_CONSTRAINTS, Add" value="1" type="GuiResourceData"/>
<property name="PAResourceAtoD.ConstraintsChooserPanel_ADD_FILES, Add Files..." value="1" type="GuiResourceData"/>
<property name="PAResourceAtoD.ConstraintsChooserPanel_COPY_CONSTRAINTS_FILES_INTO_PROJECT, Copy constraints files into project, true" value="1" type="GuiResourceData"/>
<property name="PAResourceAtoD.CreateSrcFileDialog_FILE_NAME, 8BitRegister" value="1" type="GuiResourceData"/>
<property name="PAResourceAtoD.CreateSrcFileDialog_FILE_NAME, ALU" value="1" type="GuiResourceData"/>
<property name="PAResourceAtoD.CreateSrcFileDialog_FILE_NAME, tristbuf_8" value="1" type="GuiResourceData"/>
<property name="PAResourceAtoD.CreateSrcFileDialog_FILE_TYPE, VHDL, 3" value="1" type="GuiResourceData"/>
<property name="PAResourceAtoD.DefineModulesDialog_ENTITY_NAME, 8_Bit_Register" value="1" type="GuiResourceData"/>
<property name="PAResourceCommand.PACommandNames_ADD_SOURCES, Add Sources..." value="2" type="GuiResourceData"/>
<property name="PAResourceCommand.PACommandNames_AUTO_UPDATE_HIER, Hierarchy Update" value="3" type="GuiResourceData"/>
<property name="PAResourceEtoH.FileSetPanel_FILE_SET_PANEL_TREE, [root, Design Sources, ALU - Behavioral (ALU.vhd" value="2" type="GuiResourceData"/>
<property name="PAResourceEtoH.FileSetPanel_FILE_SET_PANEL_TREE, [root, Design Sources, Syntax Error Files, 8BitRegister.vhd], 2, false" value="2" type="GuiResourceData"/>
<property name="PAResourceEtoH.FileSetPanel_FILE_SET_PANEL_TREE, [root, Design Sources, Syntax Error Files, 8BitRegister.vhd], 2, false, false, false, false, false, true" value="1" type="GuiResourceData"/>
<property name="PAResourceEtoH.FileSetPanel_FILE_SET_PANEL_TREE, [root, Design Sources, Syntax Error Files, 8BitRegister.vhd], 2, false, false, false, false, true, false" value="1" type="GuiResourceData"/>
<property name="PAResourceEtoH.FileSetPanel_FILE_SET_PANEL_TREE, [root, Design Sources, Syntax Error Files], 1" value="1" type="GuiResourceData"/>
<property name="PAResourceEtoH.FileSetPanel_FILE_SET_PANEL_TREE, [root, Design Sources, tristbuf_8 - Behavioral (tristbuf_8.vhd" value="2" type="GuiResourceData"/>
<property name="PAResourceEtoH.FileSetPanel_FILE_SET_PANEL_TREE, [root, Design Sources], 0, true, false, false, false, true, false" value="1" type="GuiResourceData"/>
<property name="PAResourceEtoH.FileSetPanel_FILE_SET_PANEL_TREE, [root, Simulation Sources], 3, true, false, false, false, true, false" value="1" type="GuiResourceData"/>
<property name="PAResourceEtoH.GettingStartedView_CREATE_NEW_PROJECT, Create New Project" value="1" type="GuiResourceData"/>
<property name="PAResourceItoN.MainMenuMgr_FILE, File" value="10" type="GuiResourceData"/>
<property name="PAResourceItoN.MainMenuMgr_OPEN_RECENT_FILE, Open Recent File" value="2" type="GuiResourceData"/>
<property name="PAResourceOtoP.PartChooser_PARTS, xc7a100tcsg324-3 ; 324 ; 135 ; 240 ; 126800 ; 0 ; 0 ; 210 ; 63400 ; 6 ; 1 ; 85 ; 0 ; 85 ; C ; 1.05 ; 0.95 ; 0.95, 0, xc7a100tcsg324-3, 0" value="1" type="GuiResourceData"/>
<property name="PAResourceOtoP.ProjectNameChooser_CHOOSE_PROJECT_LOCATION, (String" value="4" type="GuiResourceData"/>
<property name="PAResourceOtoP.ProjectNameChooser_CREATE_PROJECT_SUBDIRECTORY, Create project subdirectory, false" value="1" type="GuiResourceData"/>
<property name="PAResourceOtoP.ProjectNameChooser_CREATE_PROJECT_SUBDIRECTORY, Create project subdirectory, true" value="1" type="GuiResourceData"/>
<property name="PAResourceOtoP.ProjectNameChooser_PROJECT_NAME, ALUProject" value="1" type="GuiResourceData"/>
<property name="PAResourceOtoP.ProjectNameChooser_PROJECT_NAME, ALU_Project" value="1" type="GuiResourceData"/>
<property name="PAResourceOtoP.ProjectNameChooser_PROJECT_NAME, Project" value="1" type="GuiResourceData"/>
<property name="PAResourceQtoS.SrcChooserPanel_CREATE_FILE, Create File" value="4" type="GuiResourceData"/>
<property name="PAResourceQtoS.SrcChooserPanel_SIMULATOR_LANGUAGE, VHDL, 0" value="1" type="GuiResourceData"/>
<property name="PAResourceQtoS.SrcChooserPanel_TARGET_LANGUAGE, VHDL, 0" value="1" type="GuiResourceData"/>
<property name="PAResourceQtoS.SrcMenu_IP_HIERARCHY, IP Hierarchy" value="3" type="GuiResourceData"/>
<property name="PAResourceQtoS.SrcMenu_OPEN_SELECTED_SOURCE_FILES, Open File" value="1" type="GuiResourceData"/>
<property name="RDIResource.BaseDialog_OK, OK" value="7" type="GuiResourceData"/>
<property name="RDIResource.ConfirmSaveTextEditsDialog_YES, Yes" value="1" type="GuiResourceData"/>
<property name="RDIResourceCommand.RDICommands_SAVE_ALL_FILES, Save All Files..." value="2" type="GuiResourceData"/>
<property name="tristbuf_8.vhd, 1, 111" value="1" type="GuiResourceData"/>
<property name="tristbuf_8.vhd, 29, 265" value="1" type="GuiResourceData"/>
<property name="tristbuf_8.vhd, 302, 451" value="1" type="GuiResourceData"/>
</item>
<item name="Other">
<property name="GuiMode" value="1" type="GuiMode"/>
<property name="BatchMode" value="0" type="BatchMode"/>
<property name="TclMode" value="0" type="TclMode"/>
</item>
</section>
</application>
</document>
